owner,status,Submit Time,serial number,dlurl,hook,gen caption,IG caption,TT caption,CTA,Notes,Views,Likes,Comments,Shares
rose,ready,"August 6, 2025 at 4:33 PM",1Ame2hC__aCejt4ODWUGeZKbmBiD3LsMO,https://drive.google.com/uc?id=1P88CgjXGlADOCoC5nn6UWgVaiOFgTWOI&export=download,Heard of wholesaling but still confused,"Heard of wholesaling but still confused?

You don't buy houses.
You don't fix anything.
You flip contracts for checks.

Here's what actually happens:

You find distressed properties nobody wants. The ugly ones. Inherited homes. Tax liens. Divorces.

Lock it up with a contract for $80K.

Then flip that paper to a cash buyer for $95K.

Your cut? $15K for connecting dots.

No banks. No credit checks. No renovations.

Just you, a contract, and hungry investors who need deals.

The crazy part? You can do this with $0 down.

I've done 300+ deals this way. Started broke in Little Rock.

Now I clear 6 figures monthly moving paper, not houses.

Everyone thinks you need money to make money in real estate.

Wrong.

You need deals. Investors have the cash.

Comment ""WHOLESALE"" and I'll send you my exact contract template plus the script that gets sellers saying yes.

Limited to first 50 people. Then it's gone.

Let's get you that first $10K check.

Comment ""WHOLESALE"" now.","""Heard of wholesaling but still confused?

You don't buy houses.
You don't fix anything.
You flip contracts for checks.

Here's what actually happens:

You find distressed properties nobody wants. The ugly ones. Inherited homes. Tax liens. Divorces.

Lock it up with a contract for $80K.

Then flip that paper to a cash buyer for $95K.

Your cut? $15K for connecting dots.

No banks. No credit checks. No renovations.

Just you, a contract, and hungry investors who need deals.

The crazy part? You can do this with $0 down.

I've done 400+ deals this way. Clearing 6 figures monthly moving paper, not houses.

Everyone thinks you need money to make money in real estate.

Wrong.

You need deals. Investors have the cash.

Comment ""SELLERS"" and I'll send you my exact 10 minute process for finding deals all over the country every week.

Limited to first 50 people. Then it's gone.

Let's get you that first $10K check.

","""Heard of wholesaling but still confused?
",,,,,,
rose,ready,"August 6, 2025 at 4:38 PM",1umrx2O5EsN99AVJKqkAOUewDh3SEKpNI,https://drive.google.com/uc?id=1bWqF1_Z8uRpkEUZlszCTGFdVb8bGVcK4&export=download,the truth behind 100k month,"Here's the truth no one tells you about making $100K/month in real estate:

It starts with how far ahead you're willing to think.

Most people think too small, too fast, too panicked.

They never get the breathing room to build what's next.

I was stuck in that same trap. Chasing the next deal like my life depended on it. Living commission to commission. No vision past Friday.

Then I learned the real game: You build wealth by thinking 90 days out, not 9 hours.

Here's what changed everything:

1. Started targeting 3-4 deals per MONTH, not per quarter
2. Built systems that work while I sleep
3. Focused on boring markets everyone ignores
4. Stopped trading time for money

Now? I close deals from my phone at my kid's soccer game.

The crazy part: You don't need money, a license, or experience to start.

You just need to stop thinking small.

Want the exact blueprint I use to find off-market deals in ANY market?

Comment ""BLUEPRINT"" and I'll DM you my personal system.

Only sharing this with the next 50 people who are ready to think bigger.

Let's build something real together.","Here's the truth no one tells you about making $100K/month in real estate:

It starts with how far ahead you're willing to think.

Most people think too small, too fast, too panicked.

They never get the breathing room to build what's next.

I was stuck in that same trap. Chasing the next deal like my life depended on it. Living commission to commission. No vision past Friday.

You build wealth by thinking 90 days out, not 9 hours out.

Here's what changed everything:

1. Started thinking in terms of 3-4 deals per WEEK, not per month

2. Built systems that work while I sleep

3. Focused on boring markets everyone ignores

4. Stopped trading time for money every chance I could

Comment ""LONGER"" and I'll DM you my copy of the 25 principles I use weekly to keep myself in check.

I've never shared these before so I'm only sharing this with the next 50 people.",Here's the truth no one tells you about making $100K/month in real estate:,,,,,,
rose,ready,"August 6, 2025 at 4:46 PM",1xdoXEBW6P71dKh9yK9gvCxNr616OhEaq,https://drive.google.com/uc?id=1xF96-lGx6Pkm6P28oJ6G6gUIPo7rP--J&export=download,Wholesaling is dead in 2025,"Wholesaling is better now than ever before.

Even if you don't really know what you're doing.

Unlike Airbnb, business buying or marketing...

Wholesaling is actually profitable.

Here's why:

Interest rates crushed flippers. They can't get loans.
Inflation killed Airbnb hosts. Bookings are down 40%.
But wholesalers? We're eating.

No money tied up.
No renovations.
No tenants.

Just contracts and cash.

I watched 3 rookies close deals last month. Combined profit: $47,000.

One was a bartender.
One was unemployed.
One just turned 22.

They all followed the same boring process:

1. Find distressed properties on Xome
2. Call sellers using TruePeopleSearch
3. Get property under contract for 70% of value
4. Assign contract to cash buyer for 80% of value
5. Keep the 10% spread

That's a $15K payday on a $150K house.

While everyone else is crying about the economy, we're finding motivated sellers everywhere.

Divorces. Deaths. Job losses.

Sounds harsh but someone's gotta solve their problem.

The best part? You need exactly $0 to start.

No license required.
No credit check.
No experience necessary.

Just hustle and a willingness to hear ""no"" 50 times before your first yes.

DM me ""REI"" and I'll send you my exact wholesaling script that closed 4 deals last month.

Only responding to the first 20 people. Let's eat.","Wholesaling is better now than ever before.

Even if you don't really know what you're doing.

No money tied up.
No renovations.
No tenants.

Just contracts and cash.

If you're a bartender.
If you're unemployed.
If you just turned 22.

You can follow the same simple process:

1. Find distressed properties on Xome
2. Call sellers using TruePeopleSearch
3. Get property under contract for 70% of value
4. Assign contract to cash buyer for 80% of value
5. Keep the 10% spread

That's a $15K payday on a $150K house and motivated sellers everywhere.

Divorces. Inheritances. Deaths. Bankruptcy. There's so many reasons and they all happen everyday.

They need someone to solve their problem and all you need to do is connect them to someone who really can (we show you how)

The best part? You need exactly $0 to start.

No license required.
No credit check.
No experience necessary.

Just hustle and a willingness to hear ""no"" 50 times before your first yes.

Comment ""REI"" and I'll show you how you can start as soon as today.",Wholesaling is better now than ever befor,,,,,,
matt,published,"June 11, 2025 at 7:11 PM",XajNOhSy,https://drive.google.com/uc?id=1P88CgjXGlADOCoC5nn6UWgVaiOFgTWOI&export=download,"Me tryna explain to bro that starting wholesaling has genuinely changed my entire life and it can change yours too. No more worrying about bills, no more pretending you're okay with 2 day weekends and 40 hour weeks. stop waiting for the right time when the right time is now.",,"Two years ago I was clock-punching 40 hours, pretending a two-day weekend was ‚Äúfreedom.‚Äù

Bills due, boss breathing down my neck, bank app sitting at $12.47.

Then I burned the boats and got into wholesaling.

No license..
No five-figure budget needed..
Just hustle, a phone, and a script that works..

First deal? $17,400.

Second? Double that.

Fast-forward to now: our operations are pulling in six figure per month and every day we're closing new deals with the exact same system.

I‚Äôm not special. Just a dude from Missouri that figured this all out the hard way.. so why can‚Äôt you?

Here‚Äôs the play:

1. Find the sellers who need speed more than top dollar.
2. Lock up the property.
3. Assign it to an investor who does have the cash.
4. Keep the spread. $5K, $15K, $25K+
5. Repeat repeat repeat!

Yes, you‚Äôll get hung-up on. You‚Äôll get ghosted. Your follow ups will feel like they're going nowhere.

But ONE contract lands and the whole 9-to-5 matrix glitches.

No more sweating your bills.
No more asking HR for ‚Äúapproved‚Äù PTO.
Tuesday afternoons suddenly hit different when the phone pings with wire notices.

And the window is wide-open right now...

Hedge funds are on pause, distressed inventory is piling up, and buyers are starving for deals. 

Waiting for ‚Äúperfect timing‚Äù is the fastest way to stay broke.

I‚Äôm committed to making sure nobody else stays stuck where I was.. so I‚Äôm hosting a free live training TONIGHT (June 26th @ 7pm EST) where I walk you through how you can flip your first deal in the next 30 days.

Show up, pay attention, ask any questions you have and you can start this on your own the very next day.

Comment ‚ÄúLIVE‚Äù and I‚Äôll DM you the invite link. We're capping it at 100 seats to keep it intimate. 100% free. ","Two years ago I was clock-punching 40 hours, pretending a two-day weekend was ‚Äúfreedom.‚Äù

Bills due, boss breathing down my neck, bank app sitting at $12.47.

Then I burned the boats and got into wholesaling.

No license..
No five-figure budget needed..
Just hustle, a phone, and a script that works..

First deal? $17,400.

Second? Double that.

Fast-forward to now: our operations are pulling in six figure per month and every day we're closing new deals with the exact same system.

I‚Äôm not special. Just a dude from Missouri that figured this all out the hard way.. so why can‚Äôt you?

Here‚Äôs the play:

1. Find the sellers who need speed more than top dollar.
2. Lock up the property.
3. Assign it to an investor who does have the cash.
4. Keep the spread. $5K, $15K, $25K+
5. Repeat repeat repeat!

Yes, you‚Äôll get hung-up on. You‚Äôll get ghosted. Your follow ups will feel like they're going nowhere.

But ONE contract lands and the whole 9-to-5 matrix glitches.

No more sweating your bills.
No more asking HR for ‚Äúapproved‚Äù PTO.
Tuesday afternoons suddenly hit different when the phone pings with wire notices.

And the window is wide-open right now...

Hedge funds are on pause, distressed inventory is piling up, and buyers are starving for deals. 

Waiting for ‚Äúperfect timing‚Äù is the fastest way to stay broke.

Hit the link in my bio to secure your FREE seat.

",LIVE,,,,,
matt,published,"June 11, 2025 at 7:28 PM",tvbsO-g7,https://drive.google.com/uc?id=1bWqF1_Z8uRpkEUZlszCTGFdVb8bGVcK4&export=download,You should start wholesaling,,"Not ‚Äúone day,‚Äù not ‚Äúwhen the market cools,‚Äù

TODAY.

Your boss isn‚Äôt giving you a raise tomorrow.
Your rent isn‚Äôt negotiating with you.
And your 40-hour week? Actually a 168-hour leash.

I broke that leash with one assignment contract and a $14,900 wire.

Now my Tuesday golf habit costs more than my old monthly paycheck.. and the deals keep stacking like clockwork.

What wholesaling ISN'T
üö´ Swinging hammers or HGTV rehabs
üö´ Needing a 750 credit score or huge loan
üö´ Waiting 6 months for a flip to close

What wholesaling IS
‚úÖ Solving a seller‚Äôs time problem
‚úÖ Paperwork that locks in equity
‚úÖ Passing that contract to an investor who loves doing the heavy lift
‚úÖ Pocketing the spread. $5K, $15K, $30K+, all before the paint dries

3-Step Playbook

1, Pull the tired-landlord & pre-foreclosure list (DM me ‚ÄúLIVE‚Äù for an invite to my free class that shows you how to get these).

2. Use my Worlds Greatest Script to book the appointment.

3. Assign the deal, get paid. 

That‚Äôs it. Rinse. Repeat. Scale.

Excuses I hear daily?

‚ÄúI don‚Äôt know real estate.‚Äù ‚Äî Neither did I.

‚ÄúI don‚Äôt have money.‚Äù ‚Äî Good, you don‚Äôt need any.

‚ÄúIt‚Äôs too late.‚Äù ‚Äî Inventory distress is at a 5-year high; buyers are starving for deals.

That means the road is WIDE open, but only for the ones who move right now.

I‚Äôm running a free live breakdown this Thursday (June 26th) @ 7PM EST: contracts, scripts, comps ‚Äî zero gatekeeping. 

Comment ‚ÄúLIVE‚Äù and I‚Äôll DM you the link to register. Totally free to join.

Your future self is either bragging about checks or making the same excuses.

Choose wisely.",I‚Äôm running a free live breakdown this Thursday (June 26th) @ 7PM EST. Check the link in my bio to register for free. Your future self is either bragging about checks or making the same excuses. Choose wisely.,LIVE,,,,,
matt,published,"June 11, 2025 at 7:32 PM",vm4Mw_7w,https://drive.google.com/uc?id=1xF96-lGx6Pkm6P28oJ6G6gUIPo7rP--J&export=download,my whole life changed when I realized I could make a living off of 2 people & 2 pieces of paper,,"2 PEOPLE + 2 PIECES OF PAPER = TOTAL LIFE RESET

I used to think you needed huge capital, licenses or a big network to make it work. Nope.

Person #1 ‚Äì Maria, stuck with a vacant rental draining her savings

Person #2 ‚Äì DeShawn, flipper with crews twiddling thumbs

Paper #1 ‚Äì Purchase agreement locking Maria in at $114,000

Paper #2 ‚Äì Assignment contract passing it to DeShawn for $131,000

Fourteen pen strokes later: $17,000 wired to me. 

No loan, no rehab, no risk.

Why this hits different:
‚Ä¢ Works in hot, cold, or sideways markets
‚Ä¢ No credit pulls.. just problem-solving cred
‚Ä¢ Zero hammer swings = zero midnight ‚Äúlumber price‚Äù panic

How to run the play:
1. Pull leads from free lists online (I'll show you how)

2. Ring till one owner says, ‚ÄúCan you just take it off my hands?‚Äù

3. Lock the price, have them sign the assignment contract, and then blast to cash buyers you find in Facebook Groups

Assign ‚ûú collect ‚ûú reload.

Usual objections
‚ÄúIsn‚Äôt it complicated?‚Äù ‚Äî If you can tap DocuSign, you can do this.

‚ÄúDon‚Äôt you need money?‚Äù ‚Äî Not a dollar of mine touched that house.

‚ÄúIsn‚Äôt it crowded?‚Äù ‚Äî Distress inventory‚Äôs peaking; buyers are starving.

I‚Äôm breaking down every step of this process this this Thursday, June 26 @ 7 PM EST.

Comment LIVE and I‚Äôll DM you the link so you can get your seat. Completely free.

Two people, two docs.. the shortest path to get from stuck to stacked.","Fourteen pen strokes later: $17,000 wired to me. Check the link in bio.",LIVE,,,,,
matt,published,"June 11, 2025 at 7:34 PM",jBSORsST,https://drive.google.com/uc?id=1NqRjE4QVlvCo16FJnp6jQHPTLKiQECpu&export=download,"I make a living odd connecting 2 people and signing a couple papers. no hammer, no suit, no license. meanwhile you get told when you can eat your own lunch. we are not the same",,"I‚Äôm not saying everybody‚Äôs gotta quit their job tomorrow.

But let‚Äôs be real‚Ä¶

If someone else tells you when you can eat lunch, go home, or take a piss‚Ä¶

You‚Äôre not free.

Meanwhile, I connect two people, sign some papers‚Ä¶ and make more in a day than my old boss paid me all month.

No hammer. No suit. No license.

And trust me.. I used to be the guy punching the clock. I know the fluorescent-light headache. I know what it‚Äôs like praying your boss doesn‚Äôt Slack you at 8:59 PM with ‚Äúone quick thing.‚Äù

And here‚Äôs the part nobody tells you:

‚Üí You don‚Äôt need a million bucks to get started. (you don't even need $1,000)
‚Üí You don‚Äôt need a real estate license. (anyone who says you do is lying)
‚Üí You don‚Äôt need to flip a single damn house yourself. (you flip the contract instead)

I used to think ‚Äúbusiness owners‚Äù were some secret club of genius rich dudes.

Nope.

I‚Äôm just a regular guy from Missouri who figured out how to spot opportunities where other people see problems.

And the biggest problem I see?

People wasting their entire lives chained to a desk‚Ä¶ because they think that‚Äôs ‚Äúsecurity.‚Äù

Your boss‚Äôs approval isn‚Äôt security.

Learning a skill that prints checks for you on repeat..? That's security.

So yeah.. we‚Äôre not the same.

And if that stings a little.. maybe it should.

Because you deserve to eat lunch whenever the hell you want.",Call me Paperwork Daddy,N/A,,,,,
matt,published,"June 11, 2025 at 8:03 PM",Dx3F_XiF,https://drive.google.com/uc?id=1PX-h5ACpnkR0lEfj7co3Ys0VzcQdFFPW&export=download,they all laughed when I told them I was gonna take wholesaling serious...,,"Then someone I admired laughed too...

‚ÄúDeals move faster in packs. Stop playing hero.‚Äù

I grinned, said okay and went right back to trying to be the whole damn team.

Eleven long months later...

Skipped calls, dead leads, fumbled objections and enough BS to fertilize a farm, that first wire hit. 

Just like that.. $34k.

Felt like OXYGEN.

Looking back it wasn‚Äôt money or leads or time that dragged those eleven months.. it was pride.‚Ä®
I wanted 100% of every deal so bad I ended up with 0% of nothing for almost a year.

When I learned to split the work we closed in nine days and split thirty-four grand. 

Lesson learned: I‚Äôd rather half a watermelon than a whole grape.

Don‚Äôt be like me and let it take 11 months.

You can do it in 1 if you lock in and partner up.

I‚Äôm just another guy from Missouri. If I can do this, believe me you can too.

Comment ‚ÄúSellers‚Äù and I‚Äôll show you my 10m process I do every morning to find new deals.","I‚Äôm just another guy from Missouri. If I can do this, believe me you can too.",Sellers,,,,,
matt,published,"June 11, 2025 at 8:17 PM",yo3OkN2g,https://drive.google.com/uc?id=1nNN1Ouu5r871vP4pLc1PqtMHr6QYyfir&export=download,10k Days. Gym. No boss. Golf. No alarm. Eating Clean. Dinner with Wife.,,"4 deals closed already this month, let‚Äôs run it higher","4 deals closed already this month, let‚Äôs run it higher",N/A,,,,,
matt,published,"June 11, 2025 at 8:19 PM",yCCOhEJN,https://drive.google.com/uc?id=1A3cbw6fo-fbW2J_EN3t7CskaDLrwxDlj&export=download,"drop elite ball knowledge, but the topic is anything real estate",,üëÄ lets see what you got,üëÄ lets see what you got,N/A,,,,,
matt,published,"June 11, 2025 at 8:30 PM",eirPQqka,https://drive.google.com/uc?id=1hkR-DtY4peRSeIT-qodHLzGOuBQ0b38h&export=download,doing wholesaling doesn't just mean opening doors in real estate...,,"Wholesaling isn‚Äôt just an easy way to get into real estate... 

It‚Äôs a fast-track apprenticeship that hands you lifelong deal-making skills..

Not to mention immediate cash flow and a launchpad to real wealth in the most historically stable asset class on the planet.

Time to lock in. 

Comment ‚ÄúREI‚Äù and I‚Äôll send you free training on how to close your first wholesale deal in the next 30 days.",It's immediate cash flow and a launchpad to real wealth in the most historically stable asset class on the planet. Lock in.,REI,,,,,
matt,published,"June 11, 2025 at 8:33 PM",9orOQ8ja,https://drive.google.com/uc?id=1iheju7gufkslMchisPdqJM8LvdVmWlsR&export=download,"You can't spell ""million"" without a couple Ls. Keep pushing.",,"In wholesaling losses are just paid tuition.

1. Embrace the cringe! every fumbled call is a rep in your negotiation gym.

2. Follow the ugly-house formula: 
15 distressed leads ‚Üí 10 convos ‚Üí 1 signed contract. 
Do that 8-10 times and you're already ahead.

3. Autopsy your mistakes fast! after every blown deal ask yourself ‚Äúwhich step broke?‚Äù then tighten that screw. Repeat until the machine sings.

Nobody remembers how goofy you sound in the beginning.

But avoid sound goofy in the first place lol.. comment ‚Äúsellers‚Äù and I‚Äôll show you how I keep my day busy with homeowners to talk to",Nobody remembers how goofy you sound in the beginning.,Sellers,,,,,
matt,published,"June 11, 2025 at 8:37 PM",i0i-LixI,https://drive.google.com/uc?id=1seM2SkpQyIpOZ5YedDv_L7jWG9g1ZEe-&export=download,"Both woke up tired, only one got up",,"My grandpa told me a story that changed how I see work..

He said there are two wolves living inside each of us.

One wolf is lazy, angry, and full of excuses. The wolf that doesn‚Äôt.

The other is focused, disciplined, and driven to act. The wolf that does.

‚ÄúEvery morning these two wolves wake up and start fighting.‚Äù

I was confused.

‚ÄúBut how can the wolf that does be the good one if you said it fights?‚Äù

He smiled.

‚ÄúNeither wolf is purely good or bad. They‚Äôre just parts of us. One wants comfort, the other wants progress. Which one wins?‚Äù

fuck did I know? I was like 9. 

‚ÄúI don‚Äôt know..‚Äù I said

He leaned closer and whispered the words I‚Äôll never forget:

‚ÄúThe one you feed.‚Äù

I hope you remember this like I did. 

Because like it or not, everyday  those wolves fight.. 

and whether you realize it or not, you choose..

every morning, noon and night.",Stop scrolling and get started,N/A,,,,,
matt,published,"June 13, 2025 at 2:09 PM",IZxE-2jC,https://drive.google.com/uc?id=1vy03Vc5t2g4UE1eCJllfoF50akz0UGmV&export=download,"Buy a $50,000 truck, drive it around looking for crap a** houses, get one under contract, sell the contract for $1 million, do this 3 times a week, thats $156 MIllion a year",,game is game,game is game,,,,,,
matt,published,"July 25, 2025 at 12:17 PM",Avh5OAe6,https://drive.google.com/uc?id=16OKXjl9eW_BNAqfSWJtS-k2-eqRqYDFW&export=download,6fig airbnb dream,"so everyone wants to do airbnb right. i get it. the dream of owning beautiful properties all over the country. passive income rolling in while you sleep. six figures just from having good taste in throw pillows.

but heres what nobody posts about. the 3am calls because the wifi went out. driving two hours because someone locked themselves out. competing with every other person who watched the same youtube video about easy money.

you know what business nobody wants to talk about at parties. wholesaling. sounds boring right. it is.

foreclosures. even worse. nothing instagram worthy about helping families facing the worst moment of their lives.

but thats exactly why it works.

while everyone else is fighting over the same vacation rental market you could be the person who shows up when people need help most. when theyre drowning in bills. when divorce papers just got served. when medical debt is crushing them.

these arent sexy situations. theyre real life.

and real life is where real money gets made.

that family facing foreclosure. they need someone who actually understands the system. someone who can move fast. someone who gives a damn.

the elderly couple who cant maintain their home anymore. they dont need another person trying to lowball them. they need someone who sees them as humans.

this is the work nobody wants to do. its not glamorous. you wont get likes for it.

but you will sleep better. not because of thread count. because you actually helped someone avoid bankruptcy. kept someone from losing everything.

and yes the money is better too. way better.

airbnb is what everyone thinks they want to do. wholesaling and foreclosures are what actually change lives.

yours and theirs.

the real question is what kind of business do you want to build. the one that looks good in your bio. or the one that...","the dream of owning beautiful properties all over the country

passive income rolling in while you sleep. six figures just from having good taste in throw pillows..

but heres what nobody posts about.

the 3am calls because the wifi went out.

driving two hours because someone locked themselves out. 

you know what business nobody wants to talk about at parties?

wholesaling. sounds boring right? it is!

foreclosures? even worse.

nothing instagram worthy about helping families facing the worst moment of their lives.

but thats exactly why it works.

while everyone else is fighting over the same vacation rental market you could be the person who shows up when people need help most.

when theyre drowning in bills. when divorce papers just got served. when medical debt is crushing them.

these arent sexy situations. theyre real life.

and real life is where real money gets made.

that family facing foreclosure. they need someone who actually understands the system. someone who can move fast. someone, for just a moment, to really give a fuck.

the elderly couple who cant maintain their home anymore? they dont need another person trying to lowball them. they need someone who sees them as humans.

this is the work nobody wants to do. its not glamorous. you wont get likes for it.

but you will sleep better.

not because of thread count.

because you actually helped someone avoid bankruptcy. kept someone from losing everything.

and yes the money is better too.

way better.

airbnb is what everyone thinks they want to do. 

wholesaling and foreclosures are what actually change lives.

yours AND theirs.",airbnb is cooked,n/a,,,,,
zavala,published,"July 25, 2025 at 12:34 PM",lp-b289M,https://drive.google.com/uc?id=1eYsTtK-5DlN40L_jRG4T3kC8pO1DWonz&export=download,now that I have your attention,"picture this. youre 25 and everyone around you is talking about buying rental properties. your buddy jake just closed on a duplex. put 20% down. now hes negative cash flow every month because the tenants AC broke. meanwhile your cousin sarah is on her third year of analyzing deals. hasnt bought a single one yet. shes read every book. taken every course. still paralyzed.

now picture me at 25. broke. no credit. no rich uncle. but i had this crazy idea. what if i could get into real estate without using any of my own money. what if i could get paid to learn the business. sounds too good to be true right.

turns out theres this thing called wholesaling. you find deals. you connect sellers with buyers. you get paid in the middle. no loans. no credit checks. no waiting.

my first deal was a disaster. spent three months chasing a seller who ghosted me. second deal fell through at closing. third time though. i made 8k in two weeks. just from a few phone calls and a contract.

seven years later ive done over 400 deals. some small. some huge. but every single one taught me something. every seller showed me their pain points. every buyer showed me what they really want. every neighborhood showed me where the opportunities hide.

and heres the thing nobody tells you. wholesaling isnt just about quick cash. its about building a network. learning the market. understanding renovation costs. seeing what makes a good rental before you ever buy one.

think about it. when you finally buy that first rental youll already know which contractors are reliable. which areas have the best tenant demand. what repairs actually matter. youll have cash in the bank from your wholesale deals. youll have lenders calling you because they know youre serious.

i watch people go straight into rentals and struggle. they bought in the wrong area. paid too much. hired the wrong contractor. meanwhile the wholesalers who transition to rentals. they crush it. they know the game inside out.

im not saying its easy. nothing worth doing ever is. but its simple. find motivated sellers. match them with cash buyers. collect your fee. repeat. no debt. no waiting years. just action and results.

and honestly the best part isnt even the money. its the confidence. knowing you can create opportunity from nothing. knowing you dont need perfect credit or rich parents. just hustle and the willingness to pick up the phone.

so yeah you could go the traditional route. save for years. beg banks for loans. stress about every repair. or you could start wholesaling next week. make your first deal in 30 days. build your rental empire with house money.

the choice is yours but let me tell you. seven years and 400 deals later. i know which path id choose again...","you're 25 and thinking about buying rentals?

your buddy just closed on a duplex. put 20% down. now he's negative cash flow every month because the tenant's AC broke.

meanwhile your side piece is in year three of analyzing deals. hasn't bought a single one. read every book. took every course. still paralyzed.

now picture me at 25. broke. no credit. no rich uncle. but i had this idea...

what if i could get into real estate without using my own money?
what if i could get paid to learn?

turns out there's this thing called wholesaling. you find deals. connect sellers with buyers. get paid in the middle. no loans. no credit. no waiting.

my first deal was a disaster. three months chasing a seller who ghosted me. second fell through at closing. third? made 30k in two weeks. just a few calls and a contract.

fast forward: 400+ deals later. some small. some huge. every one taught me something.

here‚Äôs what nobody tells you:

wholesaling isn't just about quick cash.

it's about building a network, learning the market, understanding reno costs‚Äîseeing what makes a good rental before you ever buy one.

think about it: when you buy that first rental, you‚Äôll already know which contractors are solid. which areas have tenant demand. what repairs matter. you'll have cash from wholesaling. lenders will call YOU.

i watch people go straight into rentals and struggle. wrong area. paid too much. hired the wrong guy.

wholesalers who switch to rentals? they crush it. they know the game.

i'm not saying it‚Äôs easy. nothing worth doing is.

but it‚Äôs simple.

find motivated sellers. match with cash buyers. collect your fee. repeat. no debt. no waiting years. just action.

and honestly, the best part isn't the money. it's the confidence.

knowing you can create opportunity from nothing. you don‚Äôt need perfect credit or rich parents. just hustle and a phone.

so yeah, you could save for years. beg banks. stress every repair üëÄ

or you could start wholesaling next week. make your first deal in 30 days. build your rental empire with house money.

choice is yours. but 7 years and 400 deals later?

i know which path i‚Äôd choose again..",the best part isnt even the money. its the confidence. knowing you can create opportunity from nothing.,sellers,,,,,
zavala,published,"July 25, 2025 at 12:42 PM",R9xa8pa7,https://drive.google.com/uc?id=1CLAkJZpl9Sed2pcsbJW5YBvyzC7biywd&export=download,babe are you really gonna buy that,"I'm driving down the street minding my own business when I see it

this house that looks like its been forgotten by time itself

paint peeling off like dead skin

gutters hanging loose

windows so dirty you cant see through them

and something inside me just stops

I pull over

my wife looks at me like I've lost my mind

I walk up to the front door and knock

takes forever but finally this old guy opens up

sweetest smile you ever seen

like the world hasn't touched him at all

we get to talking and he invites me in

place is exactly what you'd expect from the outside

maybe worse

but this man is just happy to have company

tells me about his late wife

how she used to keep everything perfect

been five years since she passed

he just couldn't keep up anymore

we walk out back and I swear to god

the grass is taller than me

I'm six feet tall

he had no idea

literally had not been in his backyard in years

just stopped going out there when she died

too many memories in that garden she loved

forty five minutes we talk

about everything and nothing

his kids who live across the country

the neighborhood when it was new

how he met his wife at a dance in 1962

and then I make him an offer

right there in his kitchen with the peeling linoleum

his eyes light up like Christmas morning

not because of the money

but because someone saw him

really saw him

not just another old man in a broken down house

but a person with a whole life behind those walls

he shakes my hand with both of his

tells me this is exactly what he needed

a fresh start

somewhere smaller

closer to his daughter

no more trying to maintain what he couldn't

and for me its an opportunity

sure

but its more than that

its a reminder that every house has a story

every person behind those doors has lived a whole life

we shake on it right there

no lawyers yet

no contracts

just two people who found what they needed in that moment

I walk back to the car and my wife is sitting there

arms crossed

that look on her face

and she says it

the words that still echo in my head

babe are you really gonna buy that ugly ass house

and before I can answer she sees my face

sees something shifted in me

because sometimes the ugliest houses hide the most beautiful stories

and sometimes a business deal becomes something else entirely

but what she doesn't know yet

what I haven't told her

is what I found in the basement when he showed me around","I'm driving down the street minding my own business when I see..

a house that looks forgotten by time.

paint peeling like dead skin.
gutters hanging.
windows too dirty to see through.

and something in me just stops.

I pull over.

my wife looks at me like ?????

I walk up and knock.

5 minutes later, an older gentleman opens the door.
sweetest smile you've ever seen.. like the world never broke him.

we talk. he invites me in.

inside? exactly what you'd expect. maybe worse.

but he‚Äôs just happy to have company.

tells me about his late wife, how she kept everything perfect.
been five years since she passed and he couldn‚Äôt keep up.

we walk out back.

grass taller than me... and I'm 6ft tall

he hadn‚Äôt stepped out there in years.
too many memories in the garden they built together.

we talk for 35 minutes.

his kids across the country.
the neighborhood back when it was new.
how he met his wife at a dance in ‚Äò62.

and then, right there in the kitchen with peeling linoleum, I make him an offer.

his eyes light up like Christmas.

not because of the money..
but because someone really took the time to see him.

not just another old man in a broken house.
but a person. a story. a life.

he shakes my hand with both of his.
says this is exactly what he needed.

a fresh start.
somewhere smaller.
closer to his daughter.
no more trying to maintain what he can‚Äôt.

and for me? yeah, it‚Äôs a deal.

but more than that, it‚Äôs become a reminder that I still carry.

every house has a story.
every person behind those doors has lived a whole life.

we shake on it. no lawyers. no overdrawn process.
just two people who found what they needed.

I walk back to the car.

my wife‚Äôs in the passenger seat, gives me that look married men know all too well

""babe are you really gonna buy that ugly ass house?""

before I can answer, she sees my face.
sees something‚Äôs shifted.

because sometimes the ugliest houses hide the most beautiful stories.

and sometimes a business deal becomes something else entirely.

but what she doesn't know yet..
what I haven't told her..

is what I found in the basement when he showed me around.",yes babe in fact I am,n/a,,,,,
zavala,published,"July 25, 2025 at 1:10 PM",0TnvR8i5,https://drive.google.com/uc?id=1yXcquz3TvcJBkuzr4r6vY1zciRzs2Loh&export=download,workin 9-5,so i found this lead for zero dollars on auction.com right. ten minutes of scrolling thats it. picked up the phone and called the seller. we talked for twenty five minutes. just two people having a real conversation about their property. signed the contract the very next day. no back and forth no games no drama. closed the whole thing in twenty two days flat. walked away with forty three thousand four hundred fifty dollars net profit. look i know what youre thinking. sounds too good to be true right. but heres the thing. this isnt luck. this isnt magic. its a system. a way of seeing opportunities that most people walk right past. think about it. how many properties do you scroll past every single day. how many auction listings do you ignore because you assume someone else already grabbed the good ones. or maybe you think you need tons of cash to get started. or years of experience. or some special connection. wrong wrong wrong. what you need is to understand how this actually works. the real mechanics behind finding these deals. because once you see it you literally cannot unsee it. it becomes like wearing glasses for the first time. suddenly everything is crystal clear. you start noticing opportunities everywhere. at gas stations. driving through neighborhoods. scrolling through your phone at lunch. twenty five minute phone calls turn into five figure profits. but only if you know what to say. only if you understand what sellers actually want. only if you can spot the difference between a dead end and a goldmine. this particular deal was sitting there for anyone to grab. literally anyone could have called. but they didnt. you know why. because they dont know what i know. they havent trained their brain to spot these patterns. they havent learned the language of opportunity. forty three thousand dollars from one phone call. one conversation. one person willing to pick up the phone and actually talk to another human being. no fancy tricks. no complicated strategies. just understanding value where others see problems. knowing how to solve those problems. and having the guts to actually make the call. this changes how you think about money forever. it rewires your brain. you stop thinking in terms of hourly wages and start thinking in terms of value creation. you stop waiting for permission and start taking action. you stop...,"I found this lead in ten minutes and when I called.

for 25m it was just two people having a real convo

signed the contract the next day.

no games. no drama. no back and forth.

closed in 22 days.

walked away with $43,450 net profit.

i know what you‚Äôre thinking..

""wtf you make it sound so easy"" right?

but here‚Äôs the thing:

this isn‚Äôt luck. this isn‚Äôt magic. It's a system!

a way of seeing opportunity that most people scroll right past.

take a second and think..

how many listings do you ignore every day?
how many deals do you assume someone else already grabbed?
or think you need cash?
experience?
connections?

wrong.

what you need is to understand how this really works.

how to find deals. talk to sellers. structure offers.

because once you see it, you can‚Äôt unsee it.

like putting on glasses for the first time: suddenly, everything‚Äôs clear.

you start spotting deals everywhere.

at gas stations. on lunch breaks. at home depot. on facebook. through friends and family. just scrolling your phone.

25-minute phone calls turn into 5-figure paydays.

but only if you know what to say.

only if you understand what sellers really want.

only if you can spot the difference between a dead end and a goldmine.

this deal?

it was sitting there for anyone. literally anyone could have called.
but they didn‚Äôt.

you know why?

because they don‚Äôt know what i know.

they haven‚Äôt trained their brain to see it.

they haven‚Äôt learned the language of opportunity.

$43k from one phone call.

one conversation.

one person willing to actually talk to another human being.

no fancy tricks. no complicated strategies. just seeing value where others see problems.

solving those problems and having the guts to make the call.

this changes how you see money forever.

you stop thinking in hourly wages.

you start thinking in value creation.

you stop waiting for permission.

and you start taking action.",god I love dolly parton,n/a,,,,,
zavala,published,"July 25, 2025 at 3:16 PM",ekFgbI6S,https://drive.google.com/uc?id=1OMG5ws6lTjGfoyjenYJ7woeLF8hGlC-H&export=download,I dreamed of traveling,"i used to sit in my tiny apartment staring at travel blogs until 3am. scrolling through pictures of places i couldnt even pronounce. dreaming about a life that felt impossible.

back in 2016 i was broke. like really broke. the kind where you check your bank balance and immediately regret it. i remember counting coins for gas money. sleeping on couches. eating ramen for the third day straight.

2018 hit different though. zero dollars. zero hope. everyone around me had real jobs with benefits and retirement plans. meanwhile i was chasing some crazy dream that nobody understood. my parents stopped asking how i was doing. friends started avoiding my calls. probably thought id ask for money again.

2019 was the year i almost quit. almost. people gave up on me left and right. told me to be realistic. get a normal job. stop dreaming so big. there were nights i laid awake wondering if they were right. maybe i was just fooling myself.

but something inside me refused to die. this tiny voice that whispered keep going. just one more day. one more try. one more chance.

2020 came and while the world was falling apart i was quietly building. learning. growing. failing forward. nobody saw the late nights. the rejections. the moments i cried in my car. but i kept showing up.

then 2023 happened. my real estate business hit 7 figures. bought two more companies. suddenly the same people who doubted me were asking for advice. funny how success changes things.

2025 brought the best plot twist. married my best friend. someone who saw me at my lowest and still believed. we travel now. not because we have to wait until were 65. but because we decided freedom doesnt have a retirement age.

im writing this from a beach i used to stare at on my phone screen. surrounded by strangers who became friends. creating memories i used to only dream about.

your future self is waiting for you to make that first move. stop telling yourself youll do it someday. stop waiting for permission. stop thinking you need to have it all figured out.

i started with nothing but refused to end with regrets. and if i could tell that broke girl from 2016 one thing it would be this...

youre going to make it. but only if you start today.",freedom shouldn't wait. you shouldn't either.,freedom shouldn't wait. you shouldn't either.,n/a,,,,,
matt,published,"July 25, 2025 at 4:45 PM",D0HOaq12,https://fassrytpmwgxwxrrnerk.supabase.co/storage/v1/object/public/reels//D0HOaq12.mov,do it because you can,i keep thinking about this thing my therapist said last week. she was talking about perspective or whatever and she goes imagine someone your exact age somewhere in the world who knows they only have 24 hours left. and i was like okay dark but go on. she said they would give anything ANYTHING for your tuesday. your boring tuesday where you hit snooze three times and complained about traffic and felt guilty about eating cereal for dinner. they would take your tuesday with the annoying coworker and the cancelled plans and the pile of laundry you've been avoiding. they would take it in a heartbeat. and i haven't stopped thinking about it since. like yesterday i was literally paralyzed on my couch because i couldn't decide if i should go to the gym or clean my apartment or work on that project i've been putting off. just stuck. doing nothing. wasting hours because i couldn't pick the perfect thing to do. and then i remembered what she said. somewhere someone is running out of hours. and here i am just letting mine tick by because i'm waiting to feel ready or motivated or whatever. so i went to the gym in my mismatched socks. did like 20 minutes on the treadmill. came home and cleaned exactly one corner of my apartment. not the whole thing just one corner. opened my laptop and wrote one paragraph for that project. probably the worst paragraph ever written but who cares it exists now. and the whole time i felt awkward and unmotivated and honestly kind of embarrassed by how little i was doing. but i did it. because the person with 24 hours left would have done it. they would have taken my messy imperfect attempt at living and been grateful for it. they wouldn't have cared that i was scared or confused or doing it all wrong. they just would have been happy to have the chance. so now when i'm stuck when i'm scared when i don't know what to do when everything feels pointless i just think about them. the person who would kill for my wasted time. and it doesn't make everything magically better but it makes me move. do it sad. do it angry. do it badly. do it anyway. because somewhere someone can't and you can. that's literally the only reason you need. you know what the really messed up part is though,"Picture someone your exact age. Somewhere out there. And they‚Äôve just been told... they‚Äôve got 24 hours left.

""nice! thanks for the existential crisis, Ben!""

but really stop and think about it. that person would give ~anything~ for your Tuesday.

Your regular, boring Tuesday. 

The one where you hit snooze three times, flipped someone off in traffic, and had breakfast for dinner because you could.

They‚Äôd take that day and they‚Äôd be thrilled.

I haven‚Äôt stopped thinking about that since I first heard it.

Yesterday, I was just stuck. locked on the couch.

In any otherwise hectic day I was laying there and couldn‚Äôt decide.. gym? clean? review more deals? 

I ended up doing none of it. wasted the rest of the day because I was tired. then I remembered... somewhere, someone is running out of hours

The person with 24 hours left wouldn‚Äôt have cared that it wasn‚Äôt perfect. they‚Äôd be pumped to have anything. even a lazy half Tuesday like mine.

Now every time I get stuck I think about this, awful as it may sound.

and it doesn‚Äôt magically fix everything, but it gets me to move.

Do it sad. Do it tired. Do it with mismatched socks and a bad attitude. Do it anyway. 

because somewhere, someone can‚Äôt. 

and you can.

and honestly.. that‚Äôs the only reason you need.",,,,,,,
matt,published,"July 25, 2025 at 4:54 PM",RLd6gEuA,https://fassrytpmwgxwxrrnerk.supabase.co/storage/v1/object/public/reels//RLd6gEuA.mp4,most people quit,ok so picture this. youre standing in front of the mirror at 5am again. third week straight. your body hurts in places you didnt know existed and that voice in your head is getting louder. the one that says maybe youre not cut out for this. maybe everyone else just has something you dont. i get it. i really do. because heres what nobody talks about. right before the breakthrough theres always this moment. this specific kind of awful where everything feels harder than it should. where you question every decision that brought you here. its like learning to ride a bike and youre in that wobbling phase where you cant quite balance but youre not falling either. just suspended in this uncomfortable middle ground. most people bail right here. they think the discomfort means theyre on the wrong path. but what if i told you this is exactly where youre supposed to be. think about it. a butterfly literally dissolves into soup before it transforms. soup. like complete cellular breakdown. if that butterfly could think it would probably be having an existential crisis in that cocoon. but the breakdown is the point. its not a detour from the transformation. it IS the transformation. youre not doing it wrong. youre just in the messy middle. the part instagram doesnt show. the part where champions are actually made. not in the victory lap but in the thousandth rep when nobody's watching. in the moment you choose to show up even though every fiber of your being wants to quit. thats where the magic lives. so if youre reading this at rock bottom. if youre convinced youre behind or broken or just not built for this. remember that diamonds form under pressure. muscles grow from being torn apart. and sometimes the only way out is through. the fact that its hard doesnt mean youre weak. it means youre doing something that matters. something that will change you. and change was never meant to be comfortable. tomorrow youll wake up and face that mirror again. and you'll have a choice. you always do. but now you know the secret. that feeling like you want to quit? its not a stop sign. its a sign youre closer than youve ever been. the question is...,,,,,,,,
matt,published,"July 25, 2025 at 5:01 PM",OxaVcrZl,https://fassrytpmwgxwxrrnerk.supabase.co/storage/v1/object/public/reels//OxaVcrZl.mov,pair of shoes,"so i was talking to my friend sarah the other day and she was stressed about this huge presentation at work. she kept saying she'd been praying for it to go perfectly. and it reminded me of something my grandma used to say.

if you ask god to win a marathon he'll send you a pair of shoes not a medal.

i think about that a lot. like really think about it.

because we're always asking for the finish line aren't we? the promotion. the perfect relationship. the dream house. the success story.

but what if the answer to our prayers isn't the thing itself. what if it's the tools to get there.

sarah wanted her presentation to blow everyone away. but instead of a magical perfect performance she got something else. her laptop crashed the night before. forced her to rebuild everything from scratch. made her know that content inside and out.

she didn't get the medal. she got the shoes.

and honestly that's harder to accept sometimes. because shoes mean you still have to run. shoes mean blisters and sweat and maybe not finishing first. shoes mean the work is yours to do.

but here's what i've learned. when you get the shoes instead of the medal you become someone different. someone who knows they can run 26.2 miles. someone who earned every single step.

my grandma ran exactly one marathon in her life. she was 67. crossed that finish line dead last with a huge smile on her face. they were packing up the cones when she came through.

but she wore those beat up running shoes to church every sunday after that. like they were made of gold.

because sometimes the gift isn't the destination. it's becoming the person who can get there.

sarah killed that presentation by the way. not because she was given confidence. but because she built it. step by step. slide by slide.

and now i'm looking at my own prayers differently. maybe i've been asking for medals this whole time. maybe what i really need is just the right pair of shoes.

the thing is once you have the shoes you realize something else...",,,,,,,,
matt,published,"July 25, 2025 at 5:02 PM",GIzV08rX,https://fassrytpmwgxwxrrnerk.supabase.co/storage/v1/object/public/reels//GIzV08rX.mov,love the life,i used to think loving your job was everything. spent years chasing that perfect career that would make me jump out of bed every morning. you know what i mean right. that job that feels more like play than work. the one everyone tells you to find. follow your passion they said. do what you love and youll never work a day in your life they said. but heres what they dont tell you. sometimes the job is just the job. and thats okay. really okay. not settling okay but actually truly okay. because maybe the point isnt to love every spreadsheet or meeting or deadline. maybe the point is what happens at 5pm. or 6. or whenever you close that laptop. its the dinner with friends on a random tuesday because you can afford to pick up the check without checking your bank account first. its the weekend trip you book without waiting for a sale. its the gym membership you actually use because youre not too exhausted to care about your body anymore. its sending money home without doing math first. its the therapy sessions that dont feel like a luxury anymore. its fixing your car right when it breaks instead of praying it holds together one more month. look i get it. we all want meaning. purpose. that feeling of contributing something real to the world. and some people find that in their 9 to 5. good for them honestly. but for others the meaning comes from what the paycheck makes possible. the life outside those office walls. the freedom to choose. to breathe. to not worry about every single dollar. to actually live instead of just survive. and before you think im saying to sell your soul for money thats not it. at all. im saying sometimes the job that pays well but doesnt set your soul on fire might be exactly what you need. because it lets you set your actual life on fire. in the good way. the way where you have energy left for your art. your family. your hobbies. yourself. the way where sunday nights dont fill you with dread because even though monday means work it also means you're building something. not in the office. but in your actual life. the one that happens after the workday ends. the one where you can finally afford to be who you really are. yeah the job matters. but what matters more is that it gives you the resources to build the life you actually want. and if that means showing up doing good work collecting your check and saving your passion for after hours then maybe thats not settling. maybe thats just being smart about what really matters. because at the end of the day nobody lies on their deathbed wishing they loved their job more. but they might wish they had loved their life more. and sometimes loving your life means accepting that work is just work. the meaningful part happens after you clock out,,,,,,,,
zavala,ship,"August 2, 2025 at 1:27 AM",CpiRY0i6,https://fassrytpmwgxwxrrnerk.supabase.co/storage/v1/object/public/reels//CpiRY0i6.mp4,never met a man who,"i've never met a man who outworked his self-doubt and didn't eventually win. let me tell you something about winners. they dont start with confidence. they start with fear.

met this guy at a coffee shop yesterday. shaking hands, sweating through his shirt. about to pitch his business idea to an investor. told me he'd been rejected 47 times already.

""why keep going?"" i asked.

he pulled out this worn notebook. pages and pages of nos. but after each rejection, he'd written what he learned. what he'd do different next time.

that's when it hit me.

the winners i know? they all started like this. terrified. doubting every move. but they had one thing the quitters didn't.

they showed up anyway.

my first business? failed spectacularly. lost everything. sat in my car crying, wondering if i was fooling myself. but i went to work the next day. and the next.

fear never left. it just got quieter.

see, self-doubt is like a shadow. the more light you shine, the smaller it gets. and work? work is the light.

that guy in the coffee shop? he's gonna make it. not because he's confident. but because he's still showing up after 47 nos.

and that notebook of his? that's not a record of failure...","I've never met a man who outworked his self-doubt and didn't eventually win.

winners dont start with confidence. they start with fear.

fear that they're not good enough. fear that everyone will see right through them. fear that theyll fail and prove all the doubters right.

but here's what separates them from everyone else stuck in their head:

they show up anyway.

i've never met a man who didn't start messy who didn't wait for perfect and didn't eventually win.

you know why most people never make it? theyre waiting. 

waiting for the perfect moment, a complete plan or just the right feeling.

meanwhile the guy already winning is the one who's already started.

yeah his first attempt looks like garbage... but hes moving.

the man that shows up everyday. thats the man who wins.

when its raining. when he's tired. when nobody believes in him. when he doesn't even believe in himself.

you can spot him in any room. he's not the one dominating conversations. he's not the one posting every small win. he's not the one telling everyone about his big plans.

because commitment doesn't need an audience or validation.

tomorrow when your alarm goes off and your mind starts listing all the reasons why today isn't the day, why youre not ready or why you should wait.

remember this:

somewhere right now theres a man with more doubt than you. less talent than you. worse circumstances than you.

...and hes already started.

the only difference between where you are and where you want to be is the distance you're willing to travel while feeling completely unqualified to make the journey.",the only difference between where you are and where you want to be is the distance you're willing to travel while feeling completely unqualified to make the journey.,n/a,,,,,
matt,ship,"August 3, 2025 at 9:15 PM",6AaoVcvO,https://fassrytpmwgxwxrrnerk.supabase.co/storage/v1/object/public/reels//6AaoVcvO.mov,you are what you eat.. but you are also..,you know how they say you are what you eat? well its not just about food. its everything. the music pumping through your headphones while you scroll at 2am. the friends who either lift you up or drain your battery. the hobbies that light you up inside or just kill time. where you spend your saturdays. what you do when nobodys watching. all of it adds up. its like your brain is this sponge soaking up everything around you whether you realize it or not. and before you know it you start becoming whatever youre consuming. hang around negative people long enough and watch how your thoughts shift. listen to the same sad songs on repeat and see how your mood follows. spend every weekend at the same dead end spots doing the same dead end things and guess what happens to your life. but flip it around. surround yourself with people who are actually doing something. fill your playlist with sounds that make you feel alive. pick up hobbies that challenge you instead of numb you. visit places that expand your mind not shrink it. because heres the thing nobody tells you. you dont just become what you eat. you become what you consume in every single way. and most of us are on autopilot just taking in whatever comes our way without thinking twice. so maybe its time to check your diet. not just whats on your plate but whats in your entire life. because if you keep feeding yourself junk in any form...,,,,,,,,
matt,ship,"August 8, 2025 at 1:11 AM",LD8OH573,https://fassrytpmwgxwxrrnerk.supabase.co/storage/v1/object/public/reels/copy_B2FDD23E-4B92-4386-9F2D-B17BEFAFC9F9.mov,you will never regret the hard work you put in..,you know that feeling when youre scrolling at 2am knowing you should be sleeping? yeah me too. last week i almost skipped my morning workout. my bed was warm. my alarm was annoying. every part of me wanted to hit snooze. but then i remembered something my coach told me years ago. she said the pain of discipline weighs ounces but the pain of regret weighs tons. so i got up. did the workout. felt like garbage for the first ten minutes. but then something shifted. by the end i was buzzing with energy. walked into work feeling unstoppable. meanwhile my coworker rolled in late looking exhausted. she told me she stayed up watching netflix till 3am. felt awful all day. kept saying she wished she'd gone to bed earlier. and thats when it hit me. we never regret the hard work we put in. the early mornings. the late nights grinding. the uncomfortable conversations. the risks we take. but we always regret the time we waste. the opportunities we let slip. the excuses we make. every single time. so now when i dont feel like doing something i know i should do i ask myself one question. will i regret this tomorrow? if the answer is yes i do it anyway. because heres what nobody tells you about regret...,,,,,,,,
matt,ship,"August 9, 2025 at 12:31 AM",H38pQEEp,https://fassrytpmwgxwxrrnerk.supabase.co/storage/v1/object/public/reels/copy_ABF8E6F7-A404-46BE-86B6-1703DE967CCF.mov,Move like everything is gonna work out,"you know that feeling when youre standing at the edge of something big and your whole body is screaming no but theres this tiny voice that whispers yes? thats where i was six months ago. broke, scared, wondering if id made the biggest mistake of my life. but heres what nobody tells you about rock bottom - its solid ground to build on. started moving different. started walking into rooms like i belonged there even when my bank account said otherwise. started speaking up in meetings when my voice shook. started applying for jobs that felt way out of reach. and something weird happened. doors started opening. not all of them, but enough. people started listening. opportunities started showing up. turns out when you move through the world like good things are coming, the world starts to believe it too. its not magic, its not manifestation bs, its just physics. energy attracts energy. confidence builds confidence. and before you know it, that thing you were pretending starts becoming real. so yeah, move like everything is gonna work out. not because youre delusional but because acting like it might be the very thing that makes it true. and if youre reading this thinking yeah right easy for you to say, i get it. i really do. but what if...",,,,,,,,
matt,published,"August 9, 2025 at 12:42 AM",6zZ8gQOu,https://fassrytpmwgxwxrrnerk.supabase.co/storage/v1/object/public/reels/copy_16B918A0-E310-4CD8-B878-E2733FCA75B0.mov,Bro to bro,"so my buddy hits me up yesterday, completely defeated. says everyone our age seems miles ahead. bigger apartments, better jobs, the whole thing. and i get it man, i really do. sometimes i scroll through my feed and wonder how everyone else got the manual to life while im out here winging it. but then i remembered something. most of those people? they had connections. daddy's money. uncle's company. that internship their mom's friend hooked them up with. not saying thats wrong, just saying its different. we're out here building from scratch. no safety nets. no phone calls that open doors. just pure hustle and probably too much coffee. every single thing we got, we earned. every rejection made us tougher. every no taught us something. while they were taking elevators, we were building our own stairs. one shaky step at a time. and yeah it takes longer. yeah sometimes it feels impossible. but when you finally make it? when you finally get there? nobody can ever say you didn't earn it. nobody can take that away from you. because you know what it cost. you know every sacrifice, every late night, every moment you wanted to quit but didn't. thats the difference between given and earned. thats why we're not behind. we're just taking the scenic route. and trust me when i say",,,,,,,,
matt,reviewing,"August 11, 2025 at 11:34 PM",HOKcdolP,https://fassrytpmwgxwxrrnerk.supabase.co/storage/v1/object/public/reels/copy_142DB8D1-F426-41C4-A62F-4281EF24F54C.mov,What's not in your control:,"so i made this list the other day. everything thats actually in my control. started with the obvious ones - mindset, thoughts, self belief. then kept going. confidence, emotional maturity, patience. discipline too even when its hard.

then i realized something. every excuse ive ever made? wasnt on this list. bad economy, other peoples opinions, my past, where i grew up. none of that made the cut.

what did make it? my skillsets. can learn anything on youtube these days. knowledge - libraries are free. attitude? thats just a choice i make every morning. my style, how i present myself. my physique - nobody else is doing those pushups for me.

even my bank account made the list. not because money just appears. but because every financial decision is mine to make. save, spend, invest, learn about money. all me.

and probably the biggest one - my circle. who i let close. who i learn from. who i spend tuesday nights with.

funny thing is, this list is way longer than my excuse list ever was. turns out i control more than i thought. way more.

but heres what really got me...",,,,,,,,
matt,reviewing,"August 12, 2025 at 10:34 PM",rFS__p2O,https://fassrytpmwgxwxrrnerk.supabase.co/storage/v1/object/public/reels/copy_90A888E9-E2A9-4670-BEF3-8AB901180562.mov,they talk about you,"they talk about you, they joke about you, they whisper when you walk by. i get it. i used to be one of them too. sitting at the lunch table making fun of the kid who brought weird food or wore the same jacket every day. then life happened. my dad lost his job. we moved into my grandmas basement. suddenly i was the one bringing leftover rice and beans in tupperware. wearing my cousins hand me downs. funny how quick the tables turn right. but heres what they dont tell you about being on the outside. you start seeing things different. you notice the girl who eats alone isnt weird shes just tired of fake friends. the guy everyone calls broke is actually sending money home to his sick mom. we're all fighting battles nobody knows about. so yeah let them talk. let them joke. cause one day theyll realize the person they were laughing at was the only one who wouldve had their back when everyone else turned away. and by then itll be too late",,,,,,,,
matt,reviewing,"August 12, 2025 at 10:41 PM",n1nzyht0,https://fassrytpmwgxwxrrnerk.supabase.co/storage/v1/object/public/reels/copy_01B768C4-9472-435A-AA44-534F88251D38.mov,"""bro everyone is gonna think im weird for trying""",so my friend texts me at 2am saying she wants to start a podcast but shes scared everyone will think shes weird. i told her about this guy i knew in college who started making these random cooking videos in his dorm room. everyone made fun of him at first. called him chef boyardumb and stuff like that. but he kept posting these videos where he'd make ramen 47 different ways or whatever. fast forward 3 years and this dude has a cookbook deal and his own food truck. meanwhile the people who laughed at him are still scrolling through their phones at their desk jobs. heres the thing about being weird - you only look weird until it works. then suddenly everyone wants to know how you did it. they forget they ever laughed. they start saying stuff like oh i always knew you had it in you. but you remember. you remember who thought you were weird and who cheered you on anyway. the fear of looking stupid has killed more dreams than failure ever could. because at least when you fail you tried something. when you let the fear win you get nothing. not even a good story. so yeah maybe they'll think youre weird. maybe they'll laugh. but one day they might be telling people they knew you before you made it. and thats when you'll realize the only opinion that ever really mattered was...,,,,,,,,
rose,published,"July 31, 2025 at 6:48 PM",1QUV15JyUS3H1Jqim7TvZ35FZOidU2ktJ,,how much should I offer on a property?,"I started with nothing but this one formula that changed everything.

So you want to know exactly what to offer on a property? Cool. I get this question literally every single day.

Here's what most people don't realize. There's actually a stupidly simple formula that takes all the guesswork out of it.

First thing - you gotta know your ARV. That's After Repair Value for anyone new here. Basically what the house will be worth when it's all fixed up and pretty.

Then here's where it gets good. Take that ARV and multiply it by 0.7. That gives you your baseline.

Now subtract your repair costs. Be real about this number. Not what your cousin's friend who ""does construction"" tells you. Get actual contractor bids.

So let's say the ARV is 200k. Times 0.7 equals 140k. Your repairs are 30k. Your max offer? 110k.

But wait. There's more to this.

See, that 70% rule isn't just some random number I pulled out of thin air. It accounts for your profit, holding costs, realtor fees, and all that fun stuff that eats into your margins.

Now here's where beginners mess up. They get emotional. They start thinking ""but what if someone else offers more?"" or ""this is such a good neighborhood though.""

Stop. The numbers either work or they don't.

I've done over 100 deals with this exact formula. Sometimes I lose out to higher bidders. And you know what? Good for them. They probably lost money.

The real secret isn't just knowing the formula though. It's sticking to it when everyone else is going crazy. That's when the real money gets made.

Want to know the one adjustment I make that's helped me close 30% more deals without losing profit? Because once you understand this next part...","I used to freeze up every single time i had to make an offer on a property

I'd spend hours staring at comps trying to figure out the perfect number

analyzing every detail until my brain felt like mush

then id either lowball and lose the deal or overpay and kick myself later

until my mentor showed me something that changed everything

we were sitting in this dingy coffee shop going over a potential flip

I was doing my usual overthinking routine when he grabbed a napkin

drew three simple boxes

first box he wrote ARV
second box he wrote repairs
third box he wrote profit

then he did something so simple i felt stupid for not seeing it before

he drew arrows connecting them

ARV (-) Repairs (-) Profit (=) Your Offer

no complex spreadsheets, just basic math that works

I remember thinking it cant be that simple

but then we ran the numbers on that flip and after it was all said and done

that deal made me exactly 42k profit

now i use this formula on every single deal

sometimes i adjust the profit based on the risk but the formula never changes

harder renovation means i need more profit, easy cosmetic stuff maybe i take less

but here's the thing that really matters

when you know your numbers you can move FAST

the best part is you can explain it to sellers too

show them exactly why your offer makes sense

they might not like it but they understand it

and understanding builds trust, even when they say no initially

which happens a lot

but when their other buyers fall through.. guess who they remember?

the person who gave them straight numbers",,,,,,,
rose,published,"July 31, 2025 at 6:51 PM",1I48iwQQMTaWTgdRgu_neMaumC9ac85GS,,What if I can't find a buyer?,"so there I was, contract in hand, seller ready to go, and nobody to assign it to. stomach dropped. hands sweating. this was supposed to be my big break in wholesaling but I had zero buyers lined up. sound familiar?

I remember calling every number I could find online. leaving voicemails that never got returned. posting in facebook groups hoping someone would bite. nothing. meanwhile the clock was ticking on my contract.

that night I made a decision. if I was gonna make it in this business I needed a real buyers list. not just 10 or 20 names. I needed hundreds. thousands even.

started simple. went to every reia meeting in a 50 mile radius. brought donuts. people love donuts. collected business cards like they were gold. because they were.

then I discovered something. cash buyers leave breadcrumbs everywhere. property records showed who bought with cash. landlord associations had member lists. hard money lenders knew everyone.

within 90 days I had 500 names. kept pushing. automated my outreach. built relationships instead of just collecting contacts. year later I crossed 7,000 verified cash buyers.

now when I get a deal, I send one text blast. phone blows up within minutes. multiple offers. bidding wars. exactly how wholesaling should work.

the difference between struggling and succeeding in this business? its not about finding better deals. its about knowing exactly who wants them before you even make an offer. if you're still wondering who's gonna buy your next deal...","this question kills more wholesalers than anything else I see..

‚Äúbut what if i don‚Äôt have a buyer?‚Äù

and hey, i get it!

why bother chasing a deal if you don‚Äôt have someone to hand it off to?

that pit in your stomach when the clock is ticking and there‚Äôs no solid buyer lined up? that's real.

but stop letting that be the reason you‚Äôre not calling homeowners.

stop using it as an excuse to avoid taking action.

after 400+ deals, i can tell you this with full confidence‚Äî

i‚Äôve never had a deal i couldn‚Äôt find a buyer for.

never.

the truth is, if the deal is good, the buyers will show up.

yes, it‚Äôs smart to build your buyers list over time.

yes, it helps to have a few hungry investors ready to go.

absolutely, send out texts, go to meetups, post on socials, do all of it.

but that‚Äôs not the starting point.

your first move isn‚Äôt to build a perfect buyers list.

your first move is to get a property under contract.

because buyers don‚Äôt want ‚Äúleads‚Äù or ‚Äúmaybes.‚Äù

they want deals. they want numbers. they want contracts.

so flip the mindset.

you don‚Äôt need 50 buyers to get started.

you need one deal to attract the right buyers.

don‚Äôt sit on your hands worrying about step 5 when you haven‚Äôt done step 1.

if you‚Äôve got a solid deal and you know how to present it, you can find buyers in Facebook groups, in your network, through other wholesalers..

even right here in your city who are looking for their next project.

the key is action.

make the calls. talk to sellers. get the reps in.

because not having a buyer isn‚Äôt the real problem. 

waiting for the ‚Äúperfect time‚Äù is...",,,,,,,
rose,published,"July 31, 2025 at 7:25 PM",1-WVZuFl1xjfjgVVyVQQ4PwihJX9s5GYf,,Buy rentals and retire,"Stack 10 of those properties? $5K/month in near-passive income. Back then, it was simple. and it worked. Today.. its a fucking mess. Let me tell you what changed. 2008 through 2015 was like the wild west of real estate. You could buy a decent rental for 50k, put 10k down, and rent it for $800. Do that 10 times and boom. Financial freedom. But somewhere along the way everything shifted. Property prices doubled. Then tripled. Interest rates went from 3% to 7%. Insurance companies lost their minds. And dont even get me started on property taxes. What used to cash flow $500 per door now barely breaks even. If youre lucky. The old playbook is dead. The one where you just buy and hold and wait. Where you could half ass property management and still make money. Where appreciation was guaranteed. That shit doesnt work anymore. But heres what nobody wants to admit. The opportunity is still there. Its just different. Way different. And most people are too stuck in 2010 to see it. While theyre crying about interest rates, the real players adapted. They found new strategies. New markets. New ways to create value. The game changed but the money didnt disappear. It just moved. And if you know where to look...","Rentals still work‚Ä¶ if you‚Äôve got money to burn.

If you‚Äôre sitting on $500K and buying in cash-flow goldmines? Sure. You‚Äôll be fine.

But for the rest of us hard working god fearing folk? Buying one overpriced door at a time, hoping it covers itself?

That‚Äôs not investing. That‚Äôs praying in property form.

Most new investors don‚Äôt realize the math changed.

‚Ä¢ $250K home
‚Ä¢ $1,600 mortgage
‚Ä¢ $1,800 rent (maybe)

By the time you pay taxes, insurance, maintenance?
You‚Äôre netting enough for Taco Bell.

You need volume to make rentals work.. and volume costs cash.

That‚Äôs why I tell every beginner the same thing: Start with wholesaling.

It‚Äôs fast. It‚Äôs low risk. It pays you to learn the game.

And one $20K deal moves you further than a year of rental income.

Use wholesaling to build the capital.

Then go back and buy properties the right way.

Cash-heavy. Tax-efficient. Strategically.

DM me ‚ÄúREI‚Äù and I‚Äôll send a quick-start guide to make your first wholesale deal happen.

Because the goal isn‚Äôt just to own doors.. it‚Äôs to own freedom.",,,,,,,
rose,published,"July 31, 2025 at 7:30 PM",1KXeDN-T6vPg5ILNqTwOcOoiOchu9TbbT,,Most overcomplicate finding sellers,"Most investors overcomplicate finding motivated sellers. I'm going to show you how to do it with just your phone and a Google Sheet. No paid lists. No CRMs. No skip trace subscriptions. Just two websites and your time. First, go to Zillow. Type in your target neighborhood. Click on the filters. Now here's where it gets interesting. Instead of looking at what's for sale, look at what's been sitting. Properties listed over 90 days? That's your goldmine. Screenshot each one. Next, head to your county assessor's website. Public records are free, people just don't know how to use them. Search each address. Look for these red flags: tax liens, code violations, probate filings, or divorce records. All public info. All free. Now open that Google Sheet. Create columns for address, days on market, owner name, and red flags. This is your motivated seller database. Here's what nobody tells you. The best deals aren't from people trying to sell. They're from people who need to sell but haven't listed yet. That owner with three code violations and a tax lien? They're probably overwhelmed. That property sitting for 120 days? The seller might be getting desperate. Start sending handwritten letters. Not emails. Not texts. Actual letters. Because while everyone else is...","You don‚Äôt need skip tracing software.
You don‚Äôt need some $197/mo CRM.
You don‚Äôt need a paid lead list.

You need a phone.
You need Google Sheets.
And you need to give a fuck.

It's crazy how much people overcomplicate this business in their heads.

They hide behind tools instead of talking to people.

But if you‚Äôre willing to dig deeper, actually depper, you‚Äôll find sellers no one else even knows exist.

Start here:
‚Ä¢ Zillow pre-foreclosures
‚Ä¢ TruePeopleSearch for phone numbers
‚Ä¢ Track every lead in a sheet
‚Ä¢ Call, knock, listen, solve

This is how I found my first deals.

Most investors call once and quit. That‚Äôs why they don‚Äôt win.

That won't be you.

DM me ‚ÄúSELLERS‚Äù and I‚Äôll show you how I find sellers in any area in only 10 minutes.
",,,,,,,
rose,reviewing,"August 1, 2025 at 8:23 PM",15bfzru9v9YV347KmUjYh1vdq8MO1imuR,,losing deals before they begin,"Most investors lose the deal before it even begins.

Why? Because they don't know how to talk to homeowners.

One wrong move in foreclosure conversations kills your chances.

Here's how to master these calls and close deals without ever leaving your house.

Talking to homeowners isn't about being pushy or salesy.

It's about being the one person who actually listens.

Most homeowners in distress get 20+ calls from sharks trying to lowball them.

You? You're gonna be different.

Here's the exact framework I used to close 147 deals last year:

Step 1: Lead with empathy
""I saw your property might be going through some changes. How are YOU doing?""

Step 2: Shut up and listen
Let them talk for 5-10 minutes. Take notes. Show you care.

Step 3: Position yourself as the guide
""I've helped 200+ families in similar situations. Let me share what worked for them...""

Step 4: Present options, not ultimatums
Give them 3 paths forward. Let THEM choose.

Step 5: Follow up like your business depends on it
Because it does. 80% of my deals close on follow up #3-7.

The craziest part? You can do this from your couch.

No driving to appointments.
No awkward door knocking.
Just you, your phone, and the right words.

I turned this simple system into $1.2M last year.

While everyone else is chasing the hot markets, I'm cleaning up in Des Moines, Tulsa, and Little Rock.

Want my exact phone scripts that convert cold leads into $20K checks?

Comment ""SCRIPT"" and I'll send you the word-for-word templates plus my follow-up sequence.

Fair warning: These scripts work so well, you might quit your job next month.","""Most investors lose the deal before it even begins.

Why? Because they don't know how to talk to homeowners.

One wrong move in foreclosure conversations kills your chances.

Here's how to master these calls and close deals without ever leaving your house.

Talking to homeowners isn't about being pushy or salesy.

It's about being the one person who actually listens.

Most homeowners in distress get 20+ calls from sharks trying to lowball them.

You? You're gonna be different.

Here's the exact framework I used to close 147 deals last year:

Step 1: Lead with empathy
""""I saw your property might be going through some changes. How are YOU doing?""""

Step 2: Shut up and listen
Let them talk for 5-10 minutes. Take notes. Show you care.

Step 3: Position yourself as the guide
""""I've helped 200+ families in similar situations. Let me share what worked for them...""""

Step 4: Present options, not ultimatums
Give them 3 paths forward. Let THEM choose.

Step 5: Follow up like your business depends on it
Because it does. 80% of my deals close on follow up #3-7.

The craziest part? You can do this from your couch.

No driving to appointments.
No awkward door knocking.
Just you, your phone, and the right words.

I turned this simple system into $1.2M last year.

While everyone else is chasing the hot markets, I'm cleaning up in Des Moines, Tulsa, and Little Rock.

Want my exact phone scripts that convert cold leads into $20K checks?

Comment """"SCRIPT"""" and I'll send you the word-for-word templates plus my follow-up sequence.

Fair warning: These scripts work so well, you might quit your job next month.""",,,,,,,
rose,ready,"August 6, 2025 at 4:54 PM",1Rqa_h_gymHM4oJhDcLjsoM7zeUWjNVQs,,If I lost it all tomorrow,"If I lost everything tomorrow‚Ä¶

Here's exactly how I'd go from $0 to $2.5M again.

No fluff. No theory. Real results.

This is the tactical blueprint I've used to close 70+ deals a year.

First thing I'd do?

Forget the sexy markets. No Miami. No Vegas. No LA.

I'd go straight to the boring zip codes where everyone else is sleeping.

That's where the money lives.

Step 1: Find distressed properties nobody wants
Hop on Xome or Auction.com. Filter for properties under $150K that need work.
These sellers are DESPERATE.

Step 2: Get them under contract for 50-70% of value
No cash needed. Just a simple one-page agreement.
(DM me ""CONTRACT"" and I'll send you mine free)

Step 3: Find a cash buyer
Post in local Facebook real estate groups. Text every ""We Buy Houses"" sign.
Investors are foaming at the mouth for deals right now.

Step 4: Assign the contract
Sell your position for $10-20K profit.
Never touched the property. Never spent a dime.

That's wholesaling.
That's how you print money with $0.

While everyone's crying about interest rates...
Smart people are getting RICH.

One deal pays your rent for 6 months.
Three deals and you quit your job.
Ten deals? Welcome to the 1%.

I went from broke med school dropout to 7-figure business doing this.
No special skills. No rich uncle. No magic.

Just boring markets and desperate sellers.

Here's the truth nobody tells you:
The biggest risk isn't losing money.
It's staying stuck where you are.

Ready to change your life?

Comment ""REI"" below and I'll personally send you my complete wholesaling blueprint.

Only doing this for the next 24 hours.

Let's get to work.","Forget the sexy markets. No Miami. No Vegas. No LA.

I'd go straight to the boring zip codes where everyone else is sleeping. That's where the money lives.

Find distressed properties nobody wants (Xome or Auction.com). Get them under contract with a one-page agreement. Post in local Facebook real estate groups. Text every ""We Buy Houses"" sign. Sell your position for $10-20K profit. See it through to closing.

That's wholesaling.

One deal pays your rent for 6 months.

Three deals and you quit your job.

Ten deals? Welcome to the 1%.

I went from broke med school dropout to 7-figure business doing this.

No special skills, handouts or rich uncles. Just boring markets and sellers in need.

Once you learn how you can help these sellers:

The biggest risk isn't losing money.
It's staying stuck where you are.

Ready to change your life?

Comment ""REI"" below and I'll personally send you my complete wholesaling blueprint.

Only doing this for the next 24 hours.",,,,,,,
rose,ready,"August 6, 2025 at 5:06 PM",1z1C73hZQePJGg7ll3J4hJ-4-rg8rPOQy,,Most avoid door knocking,"Most real estate investors avoid door knocking.

""It's scary.""
""It's unsafe.""
""It's too much work.""

But here's what they don't realize:

I built a $200k/month business because I did what they wouldn't.

While they're sitting behind screens waiting for leads, I'm face to face with sellers who need help NOW.

No competition.
No bidding wars.
Just me and a motivated seller.

Here's the truth nobody tells you:

The scariest part is knocking on the first door.

After that? It's just conversations.

Half the time, they're grateful someone showed up.

The other half? They say no and you move on.

But those yeses...

$15k assignment fee.
$22k assignment fee.
$31k assignment fee.

From conversations that started with a knock.

Look, I get it. I was terrified my first time too.

Hands shaking.
Heart racing.
Almost drove away 3 times.

But that one conversation changed everything.

Now I teach others the exact script I use.

The neighborhoods I target.
The times that work best.
How to stay safe doing it.

You don't need to be fearless.
You just need to be willing.

DM me ""KNOCK"" and I'll send you my door knocking blueprint free.

The same one my students use to close their first deals in 30 days.

Stop letting fear keep you broke.","Most real estate investors avoid door knocking.

scary, unsafe, too much work, I've heard em all.

you build a huge business doing what other's don't want to do.

while they're sitting behind screens waiting for leads, I'm face to face with sellers who need help NOW.

you're in their DMs I'm in front of them IRL

Truth is, it's intimidating knocking on someone's door.

But after the first few, you see them differently.

They're just conversations!

Half the time, they're grateful someone showed up.

The other half? They say no, close the door, you shake it off and move on.

But those yeses...
$15k assignment fee.
$22k assignment fee.
$31k assignment fee.

From conversations that started with a knock. With a simple ""Hey, I'm Ben. How's it going today?""

One conversation can change everything.

Now I teach others how to do this too.

You don't need to be fearless.

You just need to be willing.

Comment ""REI"" and I'll get you set up for free with a simple-to-follow blueprint.

The same one my students use to close their first deals this year.",,,,,,,
rose,reviewing,"August 6, 2025 at 5:17 PM",1Oq-ARgkNOYdPezw5_-ufo73fPkVr30pr,,$34K on my first deal,"I thought wholesaling would be easy money until reality hit hard.

Two months deep, zero deals, account on empty.

Then I saw it: condemned house, perfect opportunity.

Slapped a sticky note on the door with my cash offer.

Skip traced five numbers. All disconnected.
Mailed a letter. Returned to sender.
Dead end everywhere I turned.

But here's what separates closers from quitters...

I hit up the neighbors. Asked about the owner.
Found out he moved to a nursing home three towns over.
Drove 45 minutes, bought him coffee, made my pitch.

$12,000 assignment fee two weeks later.

Most people quit after the first no.
Winners keep digging till they strike gold.

Your first deal is hiding behind rejection.
You just gotta outlast the nos.

We teach this exact persistence system inside our free masterclass.

Comment HUSTLE and I'll send you the link.",,,,,,,,